timestamp,sim_time_s,mission_phase,rpm,load,cooling_efficiency,cht,expected_cht,residual,engine_health_index,health_status,oil_temperature,oil_pressure,fuel_flow,vibration,fault_type
2026-09-09T09:16:34,1,IDLE,2010,0.2,1.0,115.84,116.62,-0.78,100,NORMAL,70.09,2.93,7.8,0.196,NORMAL
2026-09-09T09:16:35,2,IDLE,1827,0.2,1.0,113.3,113.21,0.08,100,NORMAL,69.4,2.89,7.37,0.203,NORMAL
2026-09-09T09:16:35,3,IDLE,2029,0.2,1.0,110.83,110.55,0.28,100,NORMAL,69.37,3.08,8.18,0.215,NORMAL
2026-09-09T09:16:36,4,IDLE,1827,0.2,1.0,108.18,107.75,0.43,100,NORMAL,69.45,2.77,7.84,0.232,NORMAL
2026-09-09T09:16:36,5,IDLE,2018,0.2,1.0,105.55,105.61,-0.06,100,NORMAL,69.07,3.09,7.8,0.213,NORMAL
2026-09-09T09:16:37,6,IDLE,1810,0.2,1.0,103.91,103.27,0.64,100,NORMAL,68.96,3.0,7.76,0.222,NORMAL
2026-09-09T09:16:37,7,IDLE,2039,0.2,1.0,101.96,101.62,0.34,100,NORMAL,68.96,3.12,8.15,0.242,NORMAL
2026-09-09T09:16:37,8,IDLE,1845,0.2,1.0,99.44,99.75,-0.31,100,NORMAL,68.36,2.97,7.85,0.249,NORMAL
2026-09-09T09:16:38,9,IDLE,2069,0.2,1.0,97.7,98.51,-0.82,100,NORMAL,67.97,2.97,8.22,0.212,NORMAL
2026-09-09T09:16:38,10,IDLE,1862,0.2,1.0,95.96,96.98,-1.02,100,NORMAL,68.06,2.99,7.83,0.194,NORMAL
2026-09-09T09:16:38,11,TAKEOFF,2072,1.0,1.0,96.85,98.43,-1.58,100,NORMAL,68.97,2.94,12.07,0.329,NORMAL
2026-09-09T09:16:39,12,TAKEOFF,2282,1.0,1.0,99.11,100.15,-1.04,100,NORMAL,69.43,3.09,12.72,0.273,NORMAL
2026-09-09T09:16:39,13,TAKEOFF,2504,1.0,1.0,100.27,102.14,-1.88,100,NORMAL,70.09,3.18,12.83,0.327,NORMAL
2026-09-09T09:16:40,14,TAKEOFF,2730,1.0,1.0,103.14,104.39,-1.25,100,NORMAL,70.75,3.36,13.69,0.309,NORMAL
2026-09-09T09:16:40,15,TAKEOFF,2909,1.0,1.0,105.17,106.77,-1.6,100,NORMAL,71.49,3.47,13.68,0.305,NORMAL
2026-09-09T09:16:40,16,TAKEOFF,3136,1.0,0.98,108.17,109.36,-1.19,100,NORMAL,72.44,3.72,14.05,0.3,COOLING_DEGRADATION
2026-09-09T09:16:40,17,TAKEOFF,3354,1.0,0.96,110.32,112.13,-1.82,100,NORMAL,73.2,3.72,14.88,0.295,COOLING_DEGRADATION
2026-09-09T09:16:41,18,TAKEOFF,3528,1.0,0.94,113.35,114.98,-1.63,100,NORMAL,74.5,3.75,14.91,0.303,COOLING_DEGRADATION
2026-09-09T09:16:41,19,TAKEOFF,3758,1.0,0.92,115.88,118.0,-2.12,100,NORMAL,75.97,3.93,15.54,0.286,COOLING_DEGRADATION
2026-09-09T09:16:41,20,TAKEOFF,3969,1.0,0.9,119.31,121.13,-1.83,100,NORMAL,77.02,3.88,15.64,0.313,COOLING_DEGRADATION
2026-09-09T09:16:42,21,CLIMB,4185,0.8,0.88,122.15,123.79,-1.64,100,NORMAL,78.18,4.0,15.62,0.302,COOLING_DEGRADATION
2026-09-09T09:16:42,22,CLIMB,4374,0.8,0.86,126.33,126.56,-0.23,100,NORMAL,79.37,4.1,15.67,0.26,COOLING_DEGRADATION
2026-09-09T09:16:42,23,CLIMB,4593,0.8,0.84,130.77,129.49,1.28,100,NORMAL,81.02,4.33,16.18,0.257,COOLING_DEGRADATION
2026-09-09T09:16:42,24,CLIMB,4786,0.8,0.82,135.14,132.51,2.63,100,NORMAL,82.57,4.34,16.31,0.303,COOLING_DEGRADATION
2026-09-09T09:16:42,25,CLIMB,5016,0.8,0.8,138.01,135.69,2.32,100,NORMAL,84.05,4.6,17.32,0.282,COOLING_DEGRADATION
2026-09-09T09:16:42,26,CLIMB,4794,0.8,0.78,140.34,138.11,2.23,100,NORMAL,85.01,4.41,16.45,0.302,COOLING_DEGRADATION
2026-09-09T09:16:43,27,CLIMB,4991,0.8,0.76,144.57,140.68,3.89,95.5,NORMAL,86.47,4.57,17.1,0.293,COOLING_DEGRADATION
2026-09-09T09:16:43,28,CLIMB,4786,0.8,0.74,148.12,142.59,5.53,87.3,CAUTION,87.41,4.37,16.58,0.257,COOLING_DEGRADATION
2026-09-09T09:16:43,29,CLIMB,4970,0.8,0.72,149.9,144.67,5.23,88.9,CAUTION,87.76,4.5,16.99,0.25,COOLING_DEGRADATION
2026-09-09T09:16:43,30,CLIMB,4785,0.8,0.7,152.34,146.17,6.17,84.2,CAUTION,88.17,4.51,16.79,0.254,COOLING_DEGRADATION
2026-09-09T09:16:43,31,CRUISE,4570,0.6,0.68,152.88,146.49,6.39,83.1,CAUTION,88.5,4.3,15.27,0.283,COOLING_DEGRADATION
2026-09-09T09:16:43,32,CRUISE,4376,0.6,0.66,153.45,146.4,7.05,79.7,CAUTION,88.99,4.28,14.57,0.236,COOLING_DEGRADATION
2026-09-09T09:16:44,33,CRUISE,4173,0.6,0.64,153.4,145.9,7.5,77.5,CAUTION,88.93,4.2,14.08,0.269,COOLING_DEGRADATION
2026-09-09T09:16:44,34,CRUISE,3984,0.6,0.62,152.55,145.08,7.46,77.7,CAUTION,88.75,3.94,14.19,0.245,COOLING_DEGRADATION
2026-09-09T09:16:44,35,CRUISE,4166,0.6,0.6,153.1,144.7,8.39,73.0,CAUTION,88.44,3.99,14.31,0.282,COOLING_DEGRADATION
2026-09-09T09:16:44,36,CRUISE,3940,0.6,0.6,152.95,143.91,9.04,69.8,CAUTION,88.72,3.99,13.61,0.29,COOLING_DEGRADATION
2026-09-09T09:16:44,37,CRUISE,4163,0.6,0.6,152.41,143.65,8.76,71.2,CAUTION,88.36,4.16,14.17,0.254,COOLING_DEGRADATION
2026-09-09T09:16:44,38,CRUISE,3963,0.6,0.6,151.92,143.01,8.91,70.4,CAUTION,88.21,3.85,13.85,0.289,COOLING_DEGRADATION
2026-09-09T09:16:45,39,CRUISE,4149,0.6,0.6,153.28,142.81,10.48,62.6,SUSPECTED ANOMALY,88.58,4.01,14.42,0.274,COOLING_DEGRADATION
2026-09-09T09:16:45,40,CRUISE,3969,0.6,0.6,153.4,142.26,11.14,59.3,SUSPECTED ANOMALY,88.73,3.88,13.82,0.288,COOLING_DEGRADATION
2026-09-09T09:16:45,41,DESCENT,3776,0.3,0.6,152.59,140.49,12.1,54.5,ANOMALY DETECTED,87.85,3.77,11.78,0.229,COOLING_DEGRADATION+OIL_PRESSURE_DEGRADATION
2026-09-09T09:16:45,42,DESCENT,3604,0.3,0.6,151.74,138.55,13.19,49.0,ANOMALY DETECTED,87.02,3.81,11.46,0.211,COOLING_DEGRADATION+OIL_PRESSURE_DEGRADATION
2026-09-09T09:16:45,43,DESCENT,3412,0.3,0.6,149.03,136.42,12.61,52.0,ANOMALY DETECTED,86.85,3.49,11.59,0.234,COOLING_DEGRADATION+OIL_PRESSURE_DEGRADATION
2026-09-09T09:16:45,44,DESCENT,3219,0.3,0.6,147.25,134.11,13.14,49.3,ANOMALY DETECTED,86.32,3.34,10.99,0.231,COOLING_DEGRADATION+OIL_PRESSURE_DEGRADATION
2026-09-09T09:16:46,45,DESCENT,3048,0.3,0.6,144.64,131.7,12.95,50.3,ANOMALY DETECTED,85.77,3.17,10.46,0.208,COOLING_DEGRADATION+OIL_PRESSURE_DEGRADATION
2026-09-09T09:16:46,46,DESCENT,2859,0.3,0.6,142.0,129.15,12.85,50.7,ANOMALY DETECTED,84.8,3.16,9.96,0.227,COOLING_DEGRADATION+OIL_PRESSURE_DEGRADATION
2026-09-09T09:16:46,47,DESCENT,2665,0.3,0.6,140.62,126.46,14.16,44.2,ANOMALY DETECTED,83.53,2.86,9.69,0.256,COOLING_DEGRADATION+OIL_PRESSURE_DEGRADATION
2026-09-09T09:16:46,48,DESCENT,2891,0.3,0.6,137.98,124.5,13.48,47.6,ANOMALY DETECTED,82.68,2.92,10.24,0.233,COOLING_DEGRADATION+OIL_PRESSURE_DEGRADATION
2026-09-09T09:16:46,49,DESCENT,2680,0.3,0.6,136.26,122.31,13.96,45.2,ANOMALY DETECTED,82.51,2.89,9.56,0.284,COOLING_DEGRADATION+OIL_PRESSURE_DEGRADATION+VIBRATION_FAULT
2026-09-09T09:16:46,50,DESCENT,2869,0.3,0.6,135.74,120.72,15.02,39.9,ANOMALY DETECTED,81.59,2.98,10.1,0.323,COOLING_DEGRADATION+OIL_PRESSURE_DEGRADATION+VIBRATION_FAULT
2026-09-09T09:16:47,51,IDLE,2686,0.2,0.6,133.84,118.62,15.23,38.9,ANOMALY DETECTED,80.72,2.76,9.5,0.307,COOLING_DEGRADATION+OIL_PRESSURE_DEGRADATION+VIBRATION_FAULT
2026-09-09T09:16:47,52,IDLE,2496,0.2,0.6,132.36,116.35,16.01,34.9,ANOMALY DETECTED,80.02,2.52,9.24,0.333,COOLING_DEGRADATION+OIL_PRESSURE_DEGRADATION+VIBRATION_FAULT
2026-09-09T09:16:47,53,IDLE,2306,0.2,0.6,129.78,113.92,15.86,35.7,ANOMALY DETECTED,79.03,2.32,8.77,0.403,COOLING_DEGRADATION+OIL_PRESSURE_DEGRADATION+VIBRATION_FAULT
2026-09-09T09:16:47,54,IDLE,2092,0.2,0.6,126.51,111.32,15.19,39.0,ANOMALY DETECTED,78.15,2.4,8.22,0.407,COOLING_DEGRADATION+OIL_PRESSURE_DEGRADATION+VIBRATION_FAULT
2026-09-09T09:16:47,55,IDLE,1922,0.2,0.6,124.67,108.63,16.04,34.8,ANOMALY DETECTED,77.69,2.23,8.04,0.47,COOLING_DEGRADATION+OIL_PRESSURE_DEGRADATION+VIBRATION_FAULT
2026-09-09T09:16:47,56,IDLE,2101,0.2,0.6,122.46,106.57,15.9,35.5,ANOMALY DETECTED,76.52,2.25,8.46,0.528,COOLING_DEGRADATION+OIL_PRESSURE_DEGRADATION+VIBRATION_FAULT
2026-09-09T09:16:48,57,IDLE,1873,0.2,0.6,120.96,104.26,16.7,31.5,ANOMALY DETECTED,75.47,2.13,7.51,0.552,COOLING_DEGRADATION+OIL_PRESSURE_DEGRADATION+VIBRATION_FAULT
2026-09-09T09:16:48,58,IDLE,2099,0.2,0.6,120.01,102.63,17.38,28.1,ANOMALY DETECTED,75.41,2.36,8.45,0.554,COOLING_DEGRADATION+OIL_PRESSURE_DEGRADATION+VIBRATION_FAULT
2026-09-09T09:16:48,59,IDLE,1879,0.2,0.6,118.92,100.72,18.2,24.0,ANOMALY DETECTED,75.05,2.32,7.47,0.584,COOLING_DEGRADATION+OIL_PRESSURE_DEGRADATION+VIBRATION_FAULT
2026-09-09T09:16:48,60,IDLE,2070,0.2,0.6,117.93,99.39,18.54,22.3,ANOMALY DETECTED,74.44,2.33,8.28,0.555,COOLING_DEGRADATION+OIL_PRESSURE_DEGRADATION+VIBRATION_FAULT
